seed,pehe,cov_pointwise,cov_whale,cov_bulk,tau_hat_whale,tau_hat_bulk,ci_width,best_c,weight_at_truth
0,0.5899059547687519,0.967,0.3125,1.0,7.460967291771316,1.9864602627911396,0.6706882455522494,1.96,0.5680880818997822
1,0.4096354247887456,0.049,1.0,0.0,8.957286831478184,2.288614514901029,0.7346239591642496,1.96,0.6223000277455133
2,0.6091864229742964,0.952,0.1864406779661017,1.0,7.6133799850218296,2.0652701378837133,0.6170937046430475,1.96,0.5347764710859805
