seed,setup,alpha_hat,threshold,severity_auto,ate_auto,lo_auto,hi_auto,cov_auto,rt_auto
0,clean,5.049955375463259,0.5649599709449749,none,2.030989170074463,1.9228705167770386,2.1320972442626953,1,9.616820096969604
0,whale_5%,1.1968688953593127,668.1183954005564,severe,2.1310291290283203,2.008704662322998,2.2399308681488037,0,2.271890640258789
0,whale_20%,6.375421472282105,1977.1705897778645,none,12.241735458374023,-20.231101989746094,25.910249710083008,1,20.16688346862793
1,clean,5.159843260584553,0.546995046480201,none,2.0330376625061035,1.9281046390533447,2.1423699855804443,1,8.708022832870483
1,whale_5%,1.2129870351103487,669.5277384784276,severe,2.1304116249084473,2.0203168392181396,2.2373130321502686,0,1.724778175354004
1,whale_20%,5.5317907148051,1899.18345909409,none,3.2154812812805176,-9.322042465209961,15.239872932434082,1,9.117618322372437
2,clean,4.162454173892831,0.5566216691907487,mild,2.0875051021575928,1.9790253639221191,2.199829578399658,1,1.9314723014831543
2,whale_5%,1.2947782341559775,714.4847036600659,severe,2.1298553943634033,2.0165085792541504,2.2508442401885986,0,1.7984051704406738
2,whale_20%,6.305716853830387,1965.966342892937,none,10.003589630126953,-7.410235404968262,18.751298904418945,1,13.84370231628418
