estimator,replication,pehe,ate_err,runtime,error
BCF (Hahn 2020),1,0.6042937814067245,0.023414930511854504,150.7811634540558,
BCF (Hahn 2020),2,0.6046760226657459,0.08901791501519574,142.35555124282837,
BCF (Hahn 2020),3,0.5728902678266539,0.05131834246265932,144.3597810268402,
BCF (Hahn 2020),4,1.5454354728591249,0.201236846348527,143.34263944625854,
BCF (Hahn 2020),5,1.8650962602184735,0.02074092941686967,124.93513250350952,
