seed,density,estimator,ate,lo,hi,cov,ci_width
0,0.0,Catoni-DR,1.7797598022191572,0.9786262302915775,2.49779688141632,1,1.5191706511247425
0,0.05,Catoni-DR,480.04433999799187,-1105.2127239248011,2154.7713905440187,1,3259.98411446882
0,0.2,Catoni-DR,-1825.2052924016891,-4289.297054734556,717.9707378933307,1,5007.267792627887
1,0.0,Catoni-DR,1.115358831357962,0.05646347560093819,1.8211525546290888,0,1.7646890790281506
1,0.05,Catoni-DR,-234.44387890796847,-1621.5482710551748,774.0796183121968,1,2395.6278893673716
1,0.2,Catoni-DR,-1516.963238341821,-3618.1375032110623,753.3711132610749,1,4371.508616472137
2,0.0,Catoni-DR,1.8864199947991842,1.1337470290695266,2.6733393378157655,1,1.5395923087462389
2,0.05,Catoni-DR,-269.8693537606269,-2324.295558847031,1238.8705526455979,1,3563.1661114926287
2,0.2,Catoni-DR,-601.6911068524265,-2452.5301384741956,1202.0131646785444,1,3654.54330315274
