seed,best_c,true_c,abs_error_in_c
0,2.0,1.96,0.040000000000000036
1,2.0,1.96,0.040000000000000036
2,2.0,1.96,0.040000000000000036
