seed,pehe,cov_pointwise,tau_min_hat,tau_max_hat,tau_min_true,tau_max_true,ci_width_mean
0,0.263977670054984,0.645,0.9396780133801846,6.027424693133945,2.005902521999561,4.992164976372248,0.6270121583181917
1,0.4730790624503139,0.807,-0.28809419241473216,8.47153352582743,2.0063211602374094,4.9983470749000265,0.6484643258456096
2,0.2995538080835883,0.629,0.4034931726283355,6.683074460039378,2.0039101365468204,4.994045949356829,0.5225661346349901
