seed,density,csqte_q75_estimate,true_ate,diff_from_ate
0,0.0,2.476416385865516,2.0,0.47641638586551593
0,0.05,87.49032759040824,2.0,85.49032759040824
0,0.2,51.815908825986526,2.0,49.815908825986526
1,0.0,2.430444604322499,2.0,0.4304446043224992
1,0.05,101.603441551365,2.0,99.603441551365
1,0.2,78.52721193086359,2.0,76.52721193086359
2,0.0,2.363918736429155,2.0,0.36391873642915495
2,0.05,105.72291464040038,2.0,103.72291464040038
2,0.2,86.0402668153929,2.0,84.0402668153929
