seed,density,delta_hat,score
0,0.0,2.0,0.7657722094906875
0,0.05,2.0,0.8119729121391336
0,0.2,0.5,1.1513868922121695
1,0.0,1.0,0.6736306124808644
1,0.05,1.345,0.7705175529422262
1,0.2,0.5,1.2350270031021104
2,0.0,1.345,0.7357969778733937
2,0.05,1.345,0.8028009795748335
2,0.2,0.5,1.2774392228847893
