seed,density,estimator,ate,lo,hi,cov,ci_width
0,0.0,DIPW-Lasso,1.7954481953310317,1.0016355889488355,2.6248722506755136,1,1.623236661726678
0,0.05,DIPW-Lasso,412.8884349148441,-1083.7464318024822,2095.229790327476,1,3178.9762221299584
0,0.2,DIPW-Lasso,-1762.0522960873927,-4167.512478545451,231.7168183467144,1,4399.229296892166
1,0.0,DIPW-Lasso,1.1043226613677035,0.08305708063838539,1.8711512508164414,0,1.788094170178056
1,0.05,DIPW-Lasso,-389.6099722815393,-1596.0489735823503,678.9648956655707,1,2275.013869247921
1,0.2,DIPW-Lasso,-1409.8001811631057,-3487.023038091609,458.10584095226017,1,3945.1288790438693
2,0.0,DIPW-Lasso,1.9167000808953814,1.3025849061793797,2.673833913017394,1,1.371249006838014
2,0.05,DIPW-Lasso,-441.8117057803883,-2580.3649326259037,1005.1062840183411,1,3585.471216644245
2,0.2,DIPW-Lasso,-593.9513132181232,-2123.7408981360327,1118.2669477647494,1,3242.007845900782
