seed,density,estimator,ate,bias
0,0.0,γ-X both stages,1.937129648533396,-0.06287035146660402
0,0.05,γ-X both stages,1.9494068053689442,-0.05059319463105583
0,0.2,γ-X both stages,1.941265007211303,-0.058734992788697094
1,0.0,γ-X both stages,2.0396018616683698,0.039601861668369764
1,0.05,γ-X both stages,2.01095986788566,0.010959867885659946
1,0.2,γ-X both stages,1.9881673822707844,-0.011832617729215622
2,0.0,γ-X both stages,1.9667846262457842,-0.03321537375421579
2,0.05,γ-X both stages,1.9656521906849764,-0.03434780931502357
2,0.2,γ-X both stages,1.954025788372021,-0.0459742116279791
