label,ate,lo,hi,ci_width
Original,-0.002622586442157626,-0.02921726880595088,0.020086474064737528,0.04930374287068841
Stratified-permuted,-0.0038077784702181816,-0.02925909971818328,0.019623560737818468,0.048882660456001745
