split,subgroup,n,ate,lo,hi,ci_width
train,all,21306,0.01099480536259599,-0.023949776992171552,0.04571016586867827,0.06965994286084984
train,high_hist,2131,0.18997407150320927,0.0594109014607966,0.3261931152315809,0.2667822137707843
train,low_hist,19175,-0.008895928204321708,-0.033214006759226325,0.014538892591372114,0.04775289935059844
holdout,all,21307,0.011871225752089631,-0.023541578881554618,0.047083626499217636,0.07062520538077226
holdout,high_hist,2225,0.18997407150320925,0.0594109014607966,0.3261931152315809,0.2667822137707843
holdout,low_hist,19082,-0.008895928204321708,-0.03321400675922632,0.014538892591372119,0.04775289935059845
