subgroup,n,tau_hat_mean,ci_lo_mean,ci_hi_mean,ci_width
all,42613,0.010205113174590953,-0.03826731535599212,0.05655375649397613,0.09482107184996826
low recency,24346,0.015649829403340428,-0.03805817552954913,0.06504027616789948,0.10309845169744863
high recency,18267,0.0029484721659341026,-0.038546053967399636,0.045243042748898225,0.08378909671629786
high history (top 10%),4262,0.18566035738727732,0.04880092151437138,0.33021247714542895,0.2814115556310575
low history,38351,-0.00929347228170665,-0.04794332968525314,0.026141682039164203,0.07408501172441735
