basis,ate_overall,n_sub,tau_sub,lo_sub,hi_sub
"[1, recency<3]",-0.0071702431257694085,11008,-0.046257353565840716,-0.10751438401057388,0.01674468986893759
"[1, history>p75]",-0.004283840373348442,10653,-0.01038005051470236,-0.10591760264942422,0.08638269471412059
"[1, mens, womens]",-0.013053041133661654,0,,,
"[1, newbie]",-0.002618947582161316,21381,0.018028284889794577,-0.015258027415256947,0.05452969319885596
"[1, history*recency]",-0.002225565844674289,12294,0.0009064540722260974,-0.07129179475596173,0.06822449885075901
