split,subgroup,n,ate,lo,hi,ci_width
train,all,21306,0.04148105931559386,-0.0006080834592510634,0.08465392880040454,0.08526201225965559
train,high_hist,2131,-0.04230446234445252,-0.17163420999422674,0.09606231083162126,0.267696520825848
train,low_hist,19175,0.05079250373059041,0.018398783588781952,0.08338606636971235,0.0649872827809304
holdout,all,21307,0.04107078084529587,-0.001445559149388332,0.08470979302892047,0.08615535217830878
holdout,high_hist,2225,-0.042304462344452516,-0.1716342099942267,0.09606231083162126,0.267696520825848
holdout,low_hist,19082,0.0507925037305904,0.01839878358878195,0.08338606636971235,0.06498728278093038
