quintile,n_holdout,tau_hat,lo,hi,ci_width,target_dr_ate,WIS
0,2935,-0.031147437319918935,-0.19898030832409863,0.12752423249185063,0.32650454081594926,1.8659066889156428,69.86180279776764
1,4448,0.05143000412329002,-0.05734799392521382,0.1615027895837555,0.2188507835089693,1.1386760634117863,39.3057817366302
2,4751,-0.03843017554828748,-0.10684904913650828,0.02983565751928835,0.13668470665579663,0.11579859066186465,3.575202032358849
3,4702,0.03842328524596723,-0.030217398144304745,0.1049197643646038,0.13513716250890856,3.9428152225037847,153.65095548807614
4,4471,0.0392607833952593,-0.036831566039472824,0.11608697854680938,0.1529185445862822,0.13733829115084584,1.0029710487477403
