seed,estimator,ate_hat,ci_lo,ci_hi,ci_width,runtime,err
0,Naive (difference of means),0.7698271558945368,0.4851438978071107,1.0545104139819628,0.569366516174852,0.0030548572540283203,
0,Huber-DR (bootstrap CI),0.02040553520774872,0.006896247182334535,0.04590929349531828,0.039013046312983746,1556.764404296875,
0,RX-Welsch (severity=none),-0.002622586442157626,-0.02921726880595088,0.020086474064737528,0.04930374287068841,2.534557580947876,
0,RX-Welsch (severity=severe),-9.65310973697342e-05,-0.009240080858580768,0.009156398172490284,0.018396479031071052,2.7334630489349365,
