seed,pehe,tau_hat_whale,tau_hat_bulk
0,1.4634196748274648,3.4552671983534977,1.9387530769585681
1,1.338177194984005,6.752908614776894,2.261585799043399
2,1.8306518347325877,2.4974534649510645,2.0100386036932822
