severity,normalize_y,ate,lo,hi,ci_width,y_scale
none,False,-0.28082481026649475,-19.008605670928954,18.11878786087035,37.1273935317993,1.0
none,True,252.7930908203125,-1568.0018005371094,1772.3350555419897,3340.336856079099,5488.231299805411
severe,False,15.956018447875977,15.334489727020264,16.515529966354368,1.181040239334104,1.0
severe,True,1744.6448974609375,-1.447822034358977,3176.7818908691397,3178.2297129034987,5488.231299805411
