severity,ate,lo,hi,ci_width
none,-0.28082481026649475,-19.008605670928954,18.11878786087035,37.1273935317993
severe,15.956018447875977,15.334489727020264,16.515529966354368,1.181040239334104
