density,rhat_max,ess_min,bfmi_min,iac_max,divergences
0.0,1.01,518.0,,3.088803088803089,0
0.01,1.01,497.0,,3.2193158953722336,0
0.05,1.01,496.0,,3.225806451612903,0
0.1,1.01,519.0,,3.0828516377649327,0
0.2,1.01,531.0,,3.0131826741996233,0
