seed,density,p,eta_trace,eta_per_min,eta_per_max,eta_max_dir,eta_spectral
0,0.0,4,0.920741973348057,0.8995352974706139,3.129336569620466,0.8995352974706139,0.8995970190418889
0,0.05,4,-0.5264284082905184,-1.8304441994994787,0.403603187873866,-1.8304441994994787,-40.05939434631409
0,0.2,4,17.3237913718332,11.387888829493813,1000000000000.0001,11.387888829493813,9.592716194377777
1,0.0,4,-0.002851876231664906,-0.0028524021406136292,0.20644668581981088,-0.0028524021406136292,-68928.60442869736
1,0.05,4,-0.05850111430706436,-0.09062951237006218,0.005834999236693888,-0.09062951237006218,-273.08986250142476
1,0.2,4,2.2843591606782216,1.3806555285893116,24.780490582131982,1.3806555285893116,1.0743316355714352
2,0.0,4,0.333814850021958,0.3280366274271239,3.195965440665342,0.3280366274271239,0.3280351909570181
2,0.05,4,-0.03388954230734988,-0.04887442021345158,1.2017990530413463,-0.04887442021345158,-5708.138992054651
2,0.2,4,6.0228805623325306,-0.7749430815773563,34.64495183858704,-0.7749430815773563,-289.4203103967486
