seed,density,ate_obs,ci_lo,ci_hi,cov,ci_width,n_perm
0,0.0,1.607575160575585,1.445335936646921,1.757700053462222,0,0.3123641168153011,200
0,0.05,1.5124162954305924,1.3367289202060288,1.6788023253483872,0,0.3420734051423584,200
0,0.2,-1951.3806837004558,-1951.5908465963912,-1951.1345001848472,0,0.45634641154401834,200
1,0.0,1.5818544528340597,1.423305979752916,1.7449100088597822,0,0.32160402910686625,200
1,0.05,1.4499276345402403,1.2853524367160218,1.6324316361335713,0,0.3470791994175495,200
1,0.2,-1974.5959824259462,-1974.801295521148,-1974.3788083256622,0,0.4224871954857008,200
2,0.0,1.5621211320091963,1.4483008333981928,1.7161141266411937,0,0.26781329324300085,200
2,0.05,1.4532541975890154,1.29274708182329,1.6200231210325793,0,0.32727603920928927,200
2,0.2,-1940.1317352905571,-1940.3360207511844,-1939.8964914269511,0,0.43952932423326274,200
