seed,density,estimator,ate,lo,hi,cov,ci_width
0,0.0,R-learner-Huber,2.0015630685566967,1.822100901060098,2.121044495564995,1,0.29894359450489727
0,0.05,R-learner-Huber,-135.5895322789509,-241.77148632129007,-67.33482338344128,0,174.43666293784878
0,0.2,R-learner-Huber,-1826.3275026597178,-2268.7699295194,-1487.6545381544151,0,781.115391364985
1,0.0,R-learner-Huber,1.9954110131320124,1.8183708065663005,2.2242924067844374,1,0.40592160021813695
1,0.05,R-learner-Huber,-111.93807643424452,-193.07615188521012,-56.82914530183759,0,136.24700658337252
1,0.2,R-learner-Huber,-1612.7817598016045,-2071.968513638404,-1211.072367310367,0,860.896146328037
2,0.0,R-learner-Huber,1.987535910621639,1.8110368771106622,2.1834833390534323,1,0.3724464619427701
2,0.05,R-learner-Huber,-135.25835434603482,-251.51097231499136,-46.4862857106741,0,205.02468660431725
2,0.2,R-learner-Huber,-1707.3910860809842,-2142.9837934497928,-1362.1792795158078,0,780.8045139339849
