p,runtime,n_samples
1,4.436362266540527,1600
5,3.9851419925689697,1600
10,3.32662296295166,1600
20,3.210808038711548,1600
50,3.8050942420959473,1600
100,4.922089099884033,1600
