N,p,runtime,peak_rss_kb_delta
2000,50,2.100524663925171,31364
5000,50,2.4984686374664307,41724
10000,50,2.9748647212982178,35648
10000,100,4.16399621963501,53264
