normalize,y_scale,ate,lo,hi,bias
False,1.0,1085.0892418670655,1084.95654296875,1085.1260986328125,85.08924186706554
True,1046.6395345914646,943.1717446621042,827.6469933048239,1044.9342973897503,-56.828255337895826
