seed,pi_at_truth,pi_max_idx,pi_max,coef_at_truth
0,0.7171628475189209,2,0.7171628475189209,12.22750473022461
1,0.7131226658821106,2,0.7131226658821106,12.14082145690918
2,0.6850526928901672,2,0.6850526928901672,12.650786399841309
