seed,pehe,tau_hat_whale,tau_hat_bulk
0,1.2649389917740121,4.6207397256770335,1.9385067435777867
1,1.3911653196888847,9.093727854588568,2.298946733832136
2,1.7100642800961394,3.086998183214127,2.011994763303455
