seed,density,estimator,omega_hat,ate,lo,hi,cov,ci_width
0,0.0,Squared-Gibbs(ω-cal),1.0,1.7683613300323486,0.9475071296095848,2.4627384185791015,1,1.5152312889695168
0,0.05,Squared-Gibbs(ω-cal),5.0,0.8721315264701843,-19.392584133148194,18.988201856613156,1,38.38078598976135
0,0.2,Squared-Gibbs(ω-cal),5.0,-0.006000427063554525,-20.76749610900879,18.470759534835814,1,39.2382556438446
1,0.0,Squared-Gibbs(ω-cal),1.0,1.064288854598999,-0.011706912261433881,2.040648382902145,1,2.052355295163579
1,0.05,Squared-Gibbs(ω-cal),0.1,-0.3503721356391907,-19.40537271499634,18.370524597167964,1,37.775897312164304
1,0.2,Squared-Gibbs(ω-cal),5.0,-0.17727194726467133,-20.239697265625,17.697422313690183,1,37.93711957931518
2,0.0,Squared-Gibbs(ω-cal),1.0,1.8570250272750854,1.1489217191934586,2.5716302156448365,1,1.4227084964513779
2,0.05,Squared-Gibbs(ω-cal),0.1,-0.014704116620123386,-19.72477192878723,18.858275222778317,1,38.58304715156555
2,0.2,Squared-Gibbs(ω-cal),5.0,-0.8568677306175232,-19.32645525932312,18.239398813247675,1,37.565854072570794
