estimator,replication,pehe,ate_err,runtime,error
Student-t T-BART,1,0.5146487794541502,0.3484465874158129,357.95369505882263,
Student-t T-BART,2,0.4108506224381842,0.016314985507084323,289.02580666542053,
Student-t T-BART,3,0.7058207589875416,0.5882676739121466,281.55400800704956,
Student-t T-BART,4,0.7821315938219657,0.27272501752889156,283.134646654129,
Student-t T-BART,5,0.999936182723602,0.1621763597238992,294.54859828948975,
