seed,density,ate,lo,hi,cov,ci_width
0,0.0,2.0152773460269926,1.9738903830463703,2.0436594154488823,1,0.06976903240251198
0,0.05,-501.58195789191626,-587.8465070285869,-408.2123446562222,0,179.6341623723647
0,0.2,-2122.4807318718435,-2288.4962118567514,-1993.5736830122592,0,294.92252884449226
1,0.0,1.9827068720416097,1.9410003981319408,2.020825310807576,1,0.07982491267563518
1,0.05,-483.7450552715662,-561.9064263273028,-425.8832077635795,0,136.02321856372333
1,0.2,-1992.7064793869472,-2149.960064115833,-1887.4036565314623,0,262.55640758437085
2,0.0,1.935232082631503,1.8842739154799588,1.9850187402784032,0,0.10074482479844438
2,0.05,-477.6117151873104,-560.7183815118669,-407.4552460442949,0,153.26313546757206
2,0.2,-1991.2269123270746,-2101.0110796824074,-1879.829608208817,0,221.18147147359036
