arm,n,zero_frac,E_spend,n_nonzero
treated,21307,0.9874689069319942,1.3891712643094056,267
control,21306,0.9942739134516099,0.6455184484953694,122
ATE_ZILN,42613,,0.7436528158140362,389
